time,Cache:adminBytes,Cache:avgBatchCACHEMODE,Cache:avgBatchCRITICAL,Cache:avgBatchDAEMON,Cache:avgBatchEVICTORTHREAD,Cache:avgBatchMANUAL,Cache:cacheTotalBytes,Cache:dataAdminBytes,Cache:dataBytes,Cache:lockBytes,Cache:nBINDeltasFetchMiss,Cache:nBINsEvictedCACHEMODE,Cache:nBINsEvictedCRITICAL,Cache:nBINsEvictedDAEMON,Cache:nBINsEvictedEVICTORTHREAD,Cache:nBINsEvictedMANUAL,Cache:nBINsFetch,Cache:nBINsFetchMiss,Cache:nBINsMutated,Cache:nBINsStripped,Cache:nBatchesCACHEMODE,Cache:nBatchesCRITICAL,Cache:nBatchesDAEMON,Cache:nBatchesEVICTORTHREAD,Cache:nBatchesMANUAL,Cache:nCachedBINDeltas,Cache:nCachedBINs,Cache:nCachedUpperINs,Cache:nEvictPasses,Cache:nINCompactKey,Cache:nINNoTarget,Cache:nINSparseTarget,Cache:nLNsFetch,Cache:nLNsFetchMiss,Cache:nNodesEvicted,Cache:nNodesScanned,Cache:nNodesSelected,Cache:nRootNodesEvicted,Cache:nSharedCacheEnvironments,Cache:nThreadUnavailable,Cache:nUpperINsEvictedCACHEMODE,Cache:nUpperINsEvictedCRITICAL,Cache:nUpperINsEvictedDAEMON,Cache:nUpperINsEvictedEVICTORTHREAD,Cache:nUpperINsEvictedMANUAL,Cache:nUpperINsFetch,Cache:nUpperINsFetchMiss,Cache:requiredEvictBytes,Cache:sharedCacheTotalBytes,Checkpoints:lastCheckpointEnd,Checkpoints:lastCheckpointId,Checkpoints:lastCheckpointInterval,Checkpoints:lastCheckpointStart,Checkpoints:nCheckpoints,Checkpoints:nDeltaINFlush,Checkpoints:nFullBINFlush,Checkpoints:nFullINFlush,Cleaning:cleanerBackLog,Cleaning:fileDeletionBacklog,Cleaning:lastKnownUtilization,Cleaning:lnSizeCorrectionFactor,Cleaning:nBINDeltasCleaned,Cleaning:nBINDeltasDead,Cleaning:nBINDeltasMigrated,Cleaning:nBINDeltasObsolete,Cleaning:nCleanerDeletions,Cleaning:nCleanerEntriesRead,Cleaning:nCleanerProbeRuns,Cleaning:nCleanerRuns,Cleaning:nClusterLNsProcessed,Cleaning:nINsCleaned,Cleaning:nINsDead,Cleaning:nINsMigrated,Cleaning:nINsObsolete,Cleaning:nLNQueueHits,Cleaning:nLNsCleaned,Cleaning:nLNsDead,Cleaning:nLNsLocked,Cleaning:nLNsMarked,Cleaning:nLNsMigrated,Cleaning:nLNsObsolete,Cleaning:nMarkLNsProcessed,Cleaning:nPendingLNsLocked,Cleaning:nPendingLNsProcessed,Cleaning:nRepeatIteratorReads,Cleaning:nToBeCleanedLNsProcessed,Cleaning:pendingLNQueueSize,Cleaning:totalLogSize,Environment:btreeRelatchesRequired,Environment:environmentCreationTime,I/O:bufferBytes,I/O:endOfLog,I/O:nBytesReadFromWriteQueue,I/O:nBytesWrittenFromWriteQueue,I/O:nCacheMiss,I/O:nFSyncRequests,I/O:nFSyncTime,I/O:nFSyncs,I/O:nFileOpens,I/O:nGroupCommitRequests,I/O:nGroupCommitWaits,I/O:nGrpCommitTimeouts,I/O:nLogBuffers,I/O:nLogFSyncs,I/O:nLogIntervalExceeded,I/O:nLogMaxGroupCommitThreshold,I/O:nNoFreeBuffer,I/O:nNotResident,I/O:nOpenFiles,I/O:nRandomReadBytes,I/O:nRandomReads,I/O:nRandomWriteBytes,I/O:nRandomWrites,I/O:nReadsFromWriteQueue,I/O:nRepeatFaultReads,I/O:nSequentialReadBytes,I/O:nSequentialReads,I/O:nSequentialWriteBytes,I/O:nSequentialWrites,I/O:nTempBufferWrites,I/O:nWriteQueueOverflow,I/O:nWriteQueueOverflowFailures,I/O:nWritesFromWriteQueue,Jvm:PS MarkSweep.count,Jvm:PS MarkSweep.time,Jvm:PS Scavenge.count,Jvm:PS Scavenge.time,Jvm:heap,Jvm:loadAverage,Locks:nLatchAcquireNoWaitUnsuccessful,Locks:nLatchAcquiresNoWaitSuccessful,Locks:nLatchAcquiresNoWaiters,Locks:nLatchAcquiresSelfOwned,Locks:nLatchAcquiresWithContention,Locks:nLatchReleases,Locks:nRequests,Locks:nWaits,Node Compression:cursorsBins,Node Compression:dbClosedBins,Node Compression:inCompQueueSize,Node Compression:nonEmptyBins,Node Compression:processedBins,Node Compression:splitBins,Op:cursorDelete,Op:cursorGetCurrent,Op:cursorGetFirst,Op:cursorGetLast,Op:cursorGetNext,Op:cursorGetNextDup,Op:cursorGetNextNoDup,Op:cursorGetPrev,Op:cursorGetPrevDup,Op:cursorGetPrevNoDup,Op:cursorPut,Op:cursorPutCurrent,Op:cursorPutNoDupData,Op:cursorPutNoOverwrite,Op:dbDelete,Op:dbGet,Op:dbGetSearchBoth,Op:dbPut,Op:dbPutNoDupData,Op:dbPutNoOverWrite,Op:dbRemoveSequence,Op:dosCursorGetNext,Op:secondaryCursorDelete,Op:secondaryCursorGetCurrent,Op:secondaryCursorGetFirst,Op:secondaryCursorGetLast,Op:secondaryCursorGetNext,Op:secondaryCursorGetNextDup,Op:secondaryCursorGetNextNoDup,Op:secondaryCursorGetPrev,Op:secondaryCursorGetPrevDup,Op:secondaryCursorGetPrevNoDup,Op:secondaryDbDelete,Op:secondaryDbGet,Op:secondaryDbGetSearchBoth
2015-03-03 15:22:21.460 UTC,125,0,0,0,0,0,3157117,696,11264,0,0,0,0,0,0,0,1,0,0,0,0,0,0,0,0,0,3,3,0,0,1,5,0,0,0,0,0,0,0,0,0,0,0,0,0,0,0,0,0,945,1,369,369,1,0,2,4,0,0,46,0,0,0,0,0,0,0,0,0,0,0,0,0,0,0,0,0,0,0,0,0,0,0,0,0,0,0,0,0,1425396141408,3145728,0,0,0,0,2,29,2,2,2,0,0,3,3,0,0,0,0,0,0,0,38,1,0,0,2048,1,956,2,0,0,0,0,0,0,3,25,23911912,0,0,0,0,0,0,0,3,0,0,0,0,0,0,0,0,0,0,0,0,0,0,0,0,0,0,0,0,0,0,0,0,0,0,0,0,0,0,0,0,0,0,0,0,0,0,0,0,0,0
2015-03-03 15:23:21.462 UTC,589,0,0,0,0,0,3176373,1056,29784,272,0,0,0,0,0,0,12,0,0,0,0,0,0,0,0,0,4,4,0,0,1,7,6,0,0,0,0,0,0,0,0,0,0,0,0,0,0,0,0,945,1,369,369,0,0,0,0,0,0,46,0,0,0,0,0,0,0,0,0,0,0,0,0,0,0,0,0,0,0,0,0,0,0,0,0,0,0,0,0,1425396141408,3145728,0,0,0,0,4,39,4,2,4,0,0,3,4,0,0,0,0,0,0,0,0,0,0,0,4096,2,22093,4,0,0,0,0,3,2359,16,1039,197284888,1,0,0,0,0,0,0,23,0,0,0,0,0,0,0,0,0,0,0,0,0,0,0,0,0,0,0,0,0,0,3,0,2,0,0,0,0,0,0,0,0,0,0,0,0,0,0,0,0,0
2015-03-03 15:24:21.464 UTC,589,0,0,0,0,0,3176373,1056,29784,272,0,0,0,0,0,0,0,0,0,0,0,0,0,0,0,0,4,4,0,0,1,7,0,0,0,0,0,0,0,0,0,0,0,0,0,0,0,0,0,945,1,369,369,0,0,0,0,0,0,46,0,0,0,0,0,0,0,0,0,0,0,0,0,0,0,0,0,0,0,0,0,0,0,0,0,0,0,0,0,1425396141408,3145728,0,0,0,0,0,0,0,0,0,0,0,3,0,0,0,0,0,0,0,0,0,0,0,0,0,0,0,0,0,0,0,0,0,0,0,0,203159976,0,0,0,0,0,0,0,0,0,0,0,0,0,0,0,0,0,0,0,0,0,0,0,0,0,0,0,0,0,0,0,0,0,0,0,0,0,0,0,0,0,0,0,0,0,0,0,0,0,0
2015-03-03 15:25:21.466 UTC,589,0,0,0,0,0,3176421,1056,29784,320,0,0,0,0,0,0,5,0,0,0,0,0,0,0,0,0,4,4,0,0,1,7,5,0,0,0,0,0,0,0,0,0,0,0,0,0,0,0,0,945,1,369,369,0,0,0,0,0,0,46,0,0,0,0,0,0,0,0,0,0,0,0,0,0,0,0,0,0,0,0,0,0,0,0,0,0,0,0,0,1425396141408,3145728,0,0,0,0,0,0,0,0,0,0,0,3,0,0,0,0,0,0,0,0,0,0,0,0,0,0,0,0,0,0,0,0,1,1106,19,1239,311672736,1,0,0,0,0,0,0,12,0,0,0,0,0,0,0,0,0,0,0,0,0,0,0,0,0,0,0,0,0,0,1,0,0,0,0,0,0,0,0,0,0,0,0,0,0,0,0,0,0,0
2015-03-03 15:26:21.469 UTC,589,0,0,0,0,0,3176421,1056,29784,320,0,0,0,0,0,0,0,0,0,0,0,0,0,0,0,0,4,4,0,0,1,7,0,0,0,0,0,0,0,0,0,0,0,0,0,0,0,0,0,945,1,369,369,0,0,0,0,0,0,46,0,0,0,0,0,0,0,0,0,0,0,0,0,0,0,0,0,0,0,0,0,0,0,0,0,0,0,0,0,1425396141408,3145728,0,0,0,0,0,0,0,0,0,0,0,3,0,0,0,0,0,0,0,0,0,0,0,0,0,0,0,0,0,0,0,0,0,0,22,1382,373636480,3,0,0,0,0,0,0,0,0,0,0,0,0,0,0,0,0,0,0,0,0,0,0,0,0,0,0,0,0,0,0,0,0,0,0,0,0,0,0,0,0,0,0,0,0,0,0,0,0,0
2015-03-03 15:27:21.472 UTC,589,0,0,0,0,0,3176421,1056,29784,320,0,0,0,0,0,0,0,0,0,0,0,0,0,0,0,0,4,4,0,0,1,7,0,0,0,0,0,0,0,0,0,0,0,0,0,0,0,0,0,945,1,369,369,0,0,0,0,0,0,46,0,0,0,0,0,0,0,0,0,0,0,0,0,0,0,0,0,0,0,0,0,0,0,0,0,0,0,0,0,1425396141408,3145728,0,0,0,0,0,0,0,0,0,0,0,3,0,0,0,0,0,0,0,0,0,0,0,0,0,0,0,0,0,0,0,0,0,0,11,875,441541528,5,0,0,0,0,0,0,0,0,0,0,0,0,0,0,0,0,0,0,0,0,0,0,0,0,0,0,0,0,0,0,0,0,0,0,0,0,0,0,0,0,0,0,0,0,0,0,0,0,0
2015-03-03 15:28:21.476 UTC,589,0,0,0,0,0,3176421,1056,29784,320,0,0,0,0,0,0,0,0,0,0,0,0,0,0,0,0,4,4,0,0,1,7,0,0,0,0,0,0,0,0,0,0,0,0,0,0,0,0,0,945,1,369,369,0,0,0,0,0,0,46,0,0,0,0,0,0,0,0,0,0,0,0,0,0,0,0,0,0,0,0,0,0,0,0,0,0,0,0,0,1425396141408,3145728,0,0,0,0,0,0,0,0,0,0,0,3,0,0,0,0,0,0,0,0,0,0,0,0,0,0,0,0,0,0,0,0,0,0,11,642,288376536,3,0,0,0,0,0,0,0,0,0,0,0,0,0,0,0,0,0,0,0,0,0,0,0,0,0,0,0,0,0,0,0,0,0,0,0,0,0,0,0,0,0,0,0,0,0,0,0,0,0
2015-03-03 15:29:21.478 UTC,589,0,0,0,0,0,3176421,1056,29784,320,0,0,0,0,0,0,0,0,0,0,0,0,0,0,0,0,4,4,0,0,1,7,0,0,0,0,0,0,0,0,0,0,0,0,0,0,0,0,0,945,1,369,369,0,0,0,0,0,0,46,0,0,0,0,0,0,0,0,0,0,0,0,0,0,0,0,0,0,0,0,0,0,0,0,0,0,0,0,0,1425396141408,3145728,0,0,0,0,0,0,0,0,0,0,0,3,0,0,0,0,0,0,0,0,0,0,0,0,0,0,0,0,0,0,0,0,0,0,13,701,296545512,2,0,0,0,0,0,0,0,0,0,0,0,0,0,0,0,0,0,0,0,0,0,0,0,0,0,0,0,0,0,0,0,0,0,0,0,0,0,0,0,0,0,0,0,0,0,0,0,0,0
2015-03-03 15:30:21.480 UTC,589,0,0,0,0,0,3176421,1056,29784,320,0,0,0,0,0,0,0,0,0,0,0,0,0,0,0,0,4,4,0,0,1,7,0,0,0,0,0,0,0,0,0,0,0,0,0,0,0,0,0,945,1,369,369,0,0,0,0,0,0,46,0,0,0,0,0,0,0,0,0,0,0,0,0,0,0,0,0,0,0,0,0,0,0,0,0,0,0,0,0,1425396141408,3145728,0,0,0,0,0,0,0,0,0,0,0,3,0,0,0,0,0,0,0,0,0,0,0,0,0,0,0,0,0,0,0,0,0,0,7,374,463147208,1,0,0,0,0,0,0,0,0,0,0,0,0,0,0,0,0,0,0,0,0,0,0,0,0,0,0,0,0,0,0,0,0,0,0,0,0,0,0,0,0,0,0,0,0,0,0,0,0,0
2015-03-03 15:31:21.482 UTC,589,0,0,0,0,0,3176421,1056,29784,320,0,0,0,0,0,0,0,0,0,0,0,0,0,0,0,0,4,4,0,0,1,7,0,0,0,0,0,0,0,0,0,0,0,0,0,0,0,0,0,945,1,369,369,0,0,0,0,0,0,46,0,0,0,0,0,0,0,0,0,0,0,0,0,0,0,0,0,0,0,0,0,0,0,0,0,0,0,0,0,1425396141408,3145728,0,0,0,0,0,0,0,0,0,0,0,3,0,0,0,0,0,0,0,0,0,0,0,0,0,0,0,0,0,0,0,0,0,0,6,275,399198824,1,0,0,0,0,0,0,0,0,0,0,0,0,0,0,0,0,0,0,0,0,0,0,0,0,0,0,0,0,0,0,0,0,0,0,0,0,0,0,0,0,0,0,0,0,0,0,0,0,0
2015-03-03 15:32:21.484 UTC,589,0,0,0,0,0,3176421,1056,29784,320,0,0,0,0,0,0,0,0,0,0,0,0,0,0,0,0,4,4,0,0,1,7,0,0,0,0,0,0,0,0,0,0,0,0,0,0,0,0,0,945,1,369,369,0,0,0,0,0,0,46,0,0,0,0,0,0,0,0,0,0,0,0,0,0,0,0,0,0,0,0,0,0,0,0,0,0,0,0,0,1425396141408,3145728,0,0,0,0,0,0,0,0,0,0,0,3,0,0,0,0,0,0,0,0,0,0,0,0,0,0,0,0,0,0,0,0,0,0,6,223,330879880,1,0,0,0,0,0,0,0,0,0,0,0,0,0,0,0,0,0,0,0,0,0,0,0,0,0,0,0,0,0,0,0,0,0,0,0,0,0,0,0,0,0,0,0,0,0,0,0,0,0
2015-03-03 15:32:31.513 UTC,589,0,0,0,0,0,3176101,1056,29784,0,0,0,0,0,0,0,0,0,0,0,0,0,0,0,0,0,4,4,0,0,1,7,0,0,0,0,0,0,0,0,0,0,0,0,0,0,0,0,0,945,1,369,369,0,0,0,0,0,0,46,0,0,0,0,0,0,0,0,0,0,0,0,0,0,0,0,0,0,0,0,0,0,0,0,0,0,0,0,0,1425396141408,3145728,0,0,0,0,0,0,0,0,0,0,0,3,0,0,0,0,0,0,0,0,0,0,0,0,0,0,0,0,0,0,0,0,0,0,1,36,332722864,1,0,0,0,0,0,0,0,0,0,0,0,0,0,0,0,0,0,0,0,0,0,0,0,0,0,0,0,0,0,0,0,0,0,0,0,0,0,0,0,0,0,0,0,0,0,0,0,0,0
2015-03-03 19:58:28.356 UTC,125,0,0,0,0,0,3158013,928,12048,112,0,0,0,0,0,0,16,3,0,0,0,0,0,0,2,0,3,3,0,2,1,5,12,5,0,0,0,0,0,0,0,0,0,0,0,0,0,0,0,24143,2,0,23177,0,0,0,0,0,0,57,0,0,0,0,0,0,0,0,0,0,0,0,0,0,0,0,0,0,0,0,0,0,0,0,0,0,0,0,2,1425412708326,3145728,0,0,0,13,0,0,0,3,0,0,0,3,0,0,0,0,13,1,2048,1,0,0,0,0,104448,24,0,0,0,0,0,0,0,0,3,19,25318208,0,0,0,0,0,0,0,21,0,0,0,0,0,0,0,0,0,0,0,0,0,0,0,0,0,0,0,0,0,0,1,0,0,0,0,0,0,0,0,0,0,0,0,0,0,0,0,0,0,0
2015-03-03 19:59:28.359 UTC,125,0,0,0,0,0,3175269,1056,29192,224,0,0,0,0,0,0,3,1,0,0,0,0,0,0,0,0,4,4,0,2,1,7,3,3,0,0,0,0,0,0,0,0,0,0,0,0,0,0,0,24143,2,0,23177,0,0,0,0,0,0,57,0,0,0,0,0,0,0,0,0,0,0,0,0,0,0,0,0,0,0,0,0,0,0,0,0,0,0,0,0,1425412708326,3145728,0,0,0,5,0,0,0,0,0,0,0,3,0,0,0,0,5,1,0,0,0,0,0,1,22909,6,0,0,0,0,0,0,4,1807,23,1365,364540920,1,0,0,0,0,0,0,7,0,0,0,0,0,0,0,0,0,0,0,0,0,0,0,0,0,0,0,0,0,0,0,0,0,0,0,0,0,0,0,0,0,0,0,0,0,0,0,0,0,0
2015-03-03 20:00:28.361 UTC,125,0,0,0,0,0,3175269,1056,29192,224,0,0,0,0,0,0,0,0,0,0,0,0,0,0,0,0,4,4,0,2,1,7,0,0,0,0,0,0,0,0,0,0,0,0,0,0,0,0,0,24143,2,0,23177,0,0,0,0,0,0,57,0,0,0,0,0,0,0,0,0,0,0,0,0,0,0,0,0,0,0,0,0,0,0,0,0,0,0,0,0,1425412708326,3145728,0,0,0,0,0,0,0,0,0,0,0,3,0,0,0,0,0,1,0,0,0,0,0,0,0,0,0,0,0,0,0,0,0,0,19,2035,380142808,1,0,0,0,0,0,0,0,0,0,0,0,0,0,0,0,0,0,0,0,0,0,0,0,0,0,0,0,0,0,0,0,0,0,0,0,0,0,0,0,0,0,0,0,0,0,0,0,0,0
2015-03-03 20:01:28.364 UTC,125,0,0,0,0,0,3175317,1056,29192,272,0,0,0,0,0,0,5,0,0,0,0,0,0,0,0,0,4,4,0,2,1,7,5,0,0,0,0,0,0,0,0,0,0,0,0,0,0,0,0,24143,2,0,23177,0,0,0,0,0,0,57,0,0,0,0,0,0,0,0,0,0,0,0,0,0,0,0,0,0,0,0,0,0,0,0,0,0,0,0,0,1425412708326,3145728,0,0,0,0,0,0,0,0,0,0,0,3,0,0,0,0,0,1,0,0,0,0,0,0,0,0,0,0,0,0,0,0,1,2438,13,1394,375025192,1,0,0,0,0,0,0,12,0,0,0,0,0,0,0,0,0,0,0,0,0,0,0,0,0,0,0,0,0,0,1,0,0,0,0,0,0,0,0,0,0,0,0,0,0,0,0,0,0,0
2015-03-03 20:02:28.366 UTC,125,0,0,0,0,0,3175317,1056,29192,272,0,0,0,0,0,0,0,0,0,0,0,0,0,0,0,0,4,4,0,2,1,7,0,0,0,0,0,0,0,0,0,0,0,0,0,0,0,0,0,24143,2,0,23177,0,0,0,0,0,0,57,0,0,0,0,0,0,0,0,0,0,0,0,0,0,0,0,0,0,0,0,0,0,0,0,0,0,0,0,0,1425412708326,3145728,0,0,0,0,0,0,0,0,0,0,0,3,0,0,0,0,0,1,0,0,0,0,0,0,0,0,0,0,0,0,0,0,0,0,21,1711,451281760,2,0,0,0,0,0,0,0,0,0,0,0,0,0,0,0,0,0,0,0,0,0,0,0,0,0,0,0,0,0,0,0,0,0,0,0,0,0,0,0,0,0,0,0,0,0,0,0,0,0
2015-03-03 20:03:28.371 UTC,125,0,0,0,0,0,3175317,1056,29192,272,0,0,0,0,0,0,0,0,0,0,0,0,0,0,0,0,4,4,0,2,1,7,0,0,0,0,0,0,0,0,0,0,0,0,0,0,0,0,0,24143,2,0,23177,0,0,0,0,0,0,57,0,0,0,0,0,0,0,0,0,0,0,0,0,0,0,0,0,0,0,0,0,0,0,0,0,0,0,0,0,1425412708326,3145728,0,0,0,0,0,0,0,0,0,0,0,3,0,0,0,0,0,1,0,0,0,0,0,0,0,0,0,0,0,0,0,0,1,2693,18,2046,515318424,2,0,0,0,0,0,0,0,0,0,0,0,0,0,0,0,0,0,0,0,0,0,0,0,0,0,0,0,0,0,0,0,0,0,0,0,0,0,0,0,0,0,0,0,0,0,0,0,0,0
2015-03-03 20:04:28.383 UTC,125,0,0,0,0,0,3175317,1056,29192,272,0,0,0,0,0,0,0,0,0,0,0,0,0,0,0,0,4,4,0,2,1,7,0,0,0,0,0,0,0,0,0,0,0,0,0,0,0,0,0,24143,2,0,23177,0,0,0,0,0,0,57,0,0,0,0,0,0,0,0,0,0,0,0,0,0,0,0,0,0,0,0,0,0,0,0,0,0,0,0,0,1425412708326,3145728,0,0,0,0,0,0,0,0,0,0,0,3,0,0,0,0,0,1,0,0,0,0,0,0,0,0,0,0,0,0,0,0,0,0,19,2005,450960728,2,0,0,0,0,0,0,0,0,0,0,0,0,0,0,0,0,0,0,0,0,0,0,0,0,0,0,0,0,0,0,0,0,0,0,0,0,0,0,0,0,0,0,0,0,0,0,0,0,0
2015-03-03 20:05:16.202 UTC,125,0,0,0,0,0,3175045,1056,29192,0,0,0,0,0,0,0,0,0,0,0,0,0,0,0,0,0,4,4,0,2,1,7,0,0,0,0,0,0,0,0,0,0,0,0,0,0,0,0,0,24143,2,0,23177,0,0,0,0,0,0,57,0,0,0,0,0,0,0,0,0,0,0,0,0,0,0,0,0,0,0,0,0,0,0,0,0,0,0,0,0,1425412708326,3145728,0,0,0,0,0,0,0,0,0,0,0,3,0,0,0,0,0,1,0,0,0,0,0,0,0,0,0,0,0,0,0,0,0,0,13,1027,487947728,2,0,0,0,0,0,0,0,0,0,0,0,0,0,0,0,0,0,0,0,0,0,0,0,0,0,0,0,0,0,0,0,0,0,0,0,0,0,0,0,0,0,0,0,0,0,0,0,0,0
2015-03-03 20:06:59.227 UTC,125,0,0,0,0,0,3157901,928,12048,0,0,0,0,0,0,0,15,3,0,0,0,0,0,0,2,0,3,3,0,2,1,5,10,4,0,0,0,0,0,0,0,0,0,0,0,0,0,0,0,24143,2,0,23177,0,0,0,0,0,0,57,0,0,0,0,0,0,0,0,0,0,0,0,0,0,0,0,0,0,0,0,0,0,0,0,0,0,0,0,2,1425413219206,3145728,0,0,0,12,0,0,0,2,0,0,0,3,0,0,0,0,12,0,2048,1,0,0,0,0,100352,22,0,0,0,0,0,0,0,0,3,18,26362912,0,0,0,0,0,0,0,18,0,0,0,0,0,0,0,0,0,0,0,0,0,0,0,0,0,0,0,0,0,0,0,0,0,0,0,0,0,0,0,0,0,0,0,0,0,0,0,0,0,0
2015-03-03 20:07:59.229 UTC,125,0,0,0,0,0,3175269,1056,29192,224,0,0,0,0,0,0,4,1,0,0,0,0,0,0,0,0,4,4,0,2,1,7,5,4,0,0,0,0,0,0,0,0,0,0,0,0,0,0,0,24143,2,0,23177,0,0,0,0,0,0,57,0,0,0,0,0,0,0,0,0,0,0,0,0,0,0,0,0,0,0,0,0,0,0,0,0,0,0,0,0,1425413219206,3145728,0,0,0,6,0,0,0,1,0,0,0,3,0,0,0,0,6,1,0,0,0,0,0,1,27005,8,0,0,0,0,0,0,3,1007,16,450,231825056,0,0,0,0,0,0,0,10,0,0,0,0,0,0,0,0,0,0,0,0,0,0,0,0,0,0,0,0,0,0,1,0,0,0,0,0,0,0,0,0,0,0,0,0,0,0,0,0,0,0
2015-03-03 20:08:59.230 UTC,125,0,0,0,0,0,3175269,1056,29192,224,0,0,0,0,0,0,0,0,0,0,0,0,0,0,0,0,4,4,0,2,1,7,0,0,0,0,0,0,0,0,0,0,0,0,0,0,0,0,0,24143,2,0,23177,0,0,0,0,0,0,57,0,0,0,0,0,0,0,0,0,0,0,0,0,0,0,0,0,0,0,0,0,0,0,0,0,0,0,0,0,1425413219206,3145728,0,0,0,0,0,0,0,0,0,0,0,3,0,0,0,0,0,1,0,0,0,0,0,0,0,0,0,0,0,0,0,0,0,0,0,0,235679816,0,0,0,0,0,0,0,0,0,0,0,0,0,0,0,0,0,0,0,0,0,0,0,0,0,0,0,0,0,0,0,0,0,0,0,0,0,0,0,0,0,0,0,0,0,0,0,0,0,0
2015-03-03 20:09:59.232 UTC,125,0,0,0,0,0,3175269,1056,29192,224,0,0,0,0,0,0,0,0,0,0,0,0,0,0,0,0,4,4,0,2,1,7,0,0,0,0,0,0,0,0,0,0,0,0,0,0,0,0,0,24143,2,0,23177,0,0,0,0,0,0,57,0,0,0,0,0,0,0,0,0,0,0,0,0,0,0,0,0,0,0,0,0,0,0,0,0,0,0,0,0,1425413219206,3145728,0,0,0,0,0,0,0,0,0,0,0,3,0,0,0,0,0,1,0,0,0,0,0,0,0,0,0,0,0,0,0,0,0,0,0,0,239997632,0,0,0,0,0,0,0,0,0,0,0,0,0,0,0,0,0,0,0,0,0,0,0,0,0,0,0,0,0,0,0,0,0,0,0,0,0,0,0,0,0,0,0,0,0,0,0,0,0,0
2015-03-03 20:10:31.975 UTC,125,0,0,0,0,0,3175045,1056,29192,0,0,0,0,0,0,0,0,0,0,0,0,0,0,0,0,0,4,4,0,2,1,7,0,0,0,0,0,0,0,0,0,0,0,0,0,0,0,0,0,24143,2,0,23177,0,0,0,0,0,0,57,0,0,0,0,0,0,0,0,0,0,0,0,0,0,0,0,0,0,0,0,0,0,0,0,0,0,0,0,0,1425413219206,3145728,0,0,0,0,0,0,0,0,0,0,0,3,0,0,0,0,0,1,0,0,0,0,0,0,0,0,0,0,0,0,0,0,0,0,0,0,242959872,0,0,0,0,0,0,0,0,0,0,0,0,0,0,0,0,0,0,0,0,0,0,0,0,0,0,0,0,0,0,0,0,0,0,0,0,0,0,0,0,0,0,0,0,0,0,0,0,0,0
2015-03-03 20:10:40.320 UTC,125,0,0,0,0,0,3174093,928,28048,192,0,0,0,0,0,0,17,4,0,0,0,0,0,0,2,0,4,4,0,2,1,7,13,6,0,0,0,0,0,0,0,0,0,0,0,0,0,0,0,24143,2,0,23177,0,0,0,0,0,0,57,0,0,0,0,0,0,0,0,0,0,0,0,0,0,0,0,0,0,0,0,0,0,0,0,0,0,0,0,2,1425413440291,3145728,0,0,0,16,0,0,0,3,0,0,0,3,0,0,0,0,16,1,2048,1,0,0,0,1,123261,28,0,0,0,0,0,0,0,0,3,15,25272072,0,0,0,0,0,0,0,23,0,0,0,0,0,0,0,0,0,0,0,0,0,0,0,0,0,0,0,0,0,0,1,0,0,0,0,0,0,0,0,0,0,0,0,0,0,0,0,0,0,0
2015-03-03 20:11:40.323 UTC,125,0,0,0,0,0,3175269,1056,29192,224,0,0,0,0,0,0,2,0,0,0,0,0,0,0,0,0,4,4,0,2,1,7,2,2,0,0,0,0,0,0,0,0,0,0,0,0,0,0,0,24143,2,0,23177,0,0,0,0,0,0,57,0,0,0,0,0,0,0,0,0,0,0,0,0,0,0,0,0,0,0,0,0,0,0,0,0,0,0,0,0,1425413440291,3145728,0,0,0,2,0,0,0,0,0,0,0,3,0,0,0,0,2,1,0,0,0,0,0,0,4096,2,0,0,0,0,0,0,4,1793,29,1423,227212928,1,0,0,0,0,0,0,5,0,0,0,0,0,0,0,0,0,0,0,0,0,0,0,0,0,0,0,0,0,0,0,0,0,0,0,0,0,0,0,0,0,0,0,0,0,0,0,0,0,0
2015-03-03 20:12:40.325 UTC,125,0,0,0,0,0,3175269,1056,29192,224,0,0,0,0,0,0,0,0,0,0,0,0,0,0,0,0,4,4,0,2,1,7,0,0,0,0,0,0,0,0,0,0,0,0,0,0,0,0,0,24143,2,0,23177,0,0,0,0,0,0,57,0,0,0,0,0,0,0,0,0,0,0,0,0,0,0,0,0,0,0,0,0,0,0,0,0,0,0,0,0,1425413440291,3145728,0,0,0,0,0,0,0,0,0,0,0,3,0,0,0,0,0,1,0,0,0,0,0,0,0,0,0,0,0,0,0,0,1,1292,18,1579,414249976,2,0,0,0,0,0,0,0,0,0,0,0,0,0,0,0,0,0,0,0,0,0,0,0,0,0,0,0,0,0,0,0,0,0,0,0,0,0,0,0,0,0,0,0,0,0,0,0,0,0
2015-03-03 20:13:40.329 UTC,125,0,0,0,0,0,3175269,1056,29192,224,0,0,0,0,0,0,0,0,0,0,0,0,0,0,0,0,4,4,0,2,1,7,0,0,0,0,0,0,0,0,0,0,0,0,0,0,0,0,0,24143,2,0,23177,0,0,0,0,0,0,57,0,0,0,0,0,0,0,0,0,0,0,0,0,0,0,0,0,0,0,0,0,0,0,0,0,0,0,0,0,1425413440291,3145728,0,0,0,0,0,0,0,0,0,0,0,3,0,0,0,0,0,1,0,0,0,0,0,0,0,0,0,0,0,0,0,0,0,0,16,1087,382203104,2,0,0,0,0,0,0,0,0,0,0,0,0,0,0,0,0,0,0,0,0,0,0,0,0,0,0,0,0,0,0,0,0,0,0,0,0,0,0,0,0,0,0,0,0,0,0,0,0,0
2015-03-03 20:13:54.352 UTC,125,0,0,0,0,0,3175045,1056,29192,0,0,0,0,0,0,0,0,0,0,0,0,0,0,0,0,0,4,4,0,2,1,7,0,0,0,0,0,0,0,0,0,0,0,0,0,0,0,0,0,24143,2,0,23177,0,0,0,0,0,0,57,0,0,0,0,0,0,0,0,0,0,0,0,0,0,0,0,0,0,0,0,0,0,0,0,0,0,0,0,0,1425413440291,3145728,0,0,0,0,0,0,0,0,0,0,0,3,0,0,0,0,0,1,0,0,0,0,0,0,0,0,0,0,0,0,0,0,0,0,4,212,289402304,2,0,0,0,0,0,0,0,0,0,0,0,0,0,0,0,0,0,0,0,0,0,0,0,0,0,0,0,0,0,0,0,0,0,0,0,0,0,0,0,0,0,0,0,0,0,0,0,0,0
2015-03-03 20:18:13.770 UTC,125,0,0,0,0,0,3157901,928,12048,0,0,0,0,0,0,0,14,3,0,0,0,0,0,0,2,0,3,3,0,2,1,5,10,4,0,0,0,0,0,0,0,0,0,0,0,0,0,0,0,24143,2,0,23177,0,0,0,0,0,0,57,0,0,0,0,0,0,0,0,0,0,0,0,0,0,0,0,0,0,0,0,0,0,0,0,0,0,0,0,2,1425413893753,3145728,0,0,0,12,0,0,0,2,0,0,0,3,0,0,0,0,12,0,2048,1,0,0,0,0,100352,22,0,0,0,0,0,0,0,0,3,36,28462064,0,0,0,0,0,0,0,18,0,0,0,0,0,0,0,0,0,0,0,0,0,0,0,0,0,0,0,0,0,0,0,0,0,0,0,0,0,0,0,0,0,0,0,0,0,0,0,0,0,0
2015-03-03 20:19:13.772 UTC,125,0,0,0,0,0,3175269,1056,29192,224,0,0,0,0,0,0,5,1,0,0,0,0,0,0,0,0,4,4,0,2,1,7,5,4,0,0,0,0,0,0,0,0,0,0,0,0,0,0,0,24143,2,0,23177,0,0,0,0,0,0,57,0,0,0,0,0,0,0,0,0,0,0,0,0,0,0,0,0,0,0,0,0,0,0,0,0,0,0,0,0,1425413893753,3145728,0,0,0,6,0,0,0,1,0,0,0,3,0,0,0,0,6,1,0,0,0,0,0,1,27005,8,0,0,0,0,0,0,4,2898,22,1219,374722448,2,0,0,0,0,0,0,10,0,0,0,0,0,0,0,0,0,0,0,0,0,0,0,0,0,0,0,0,0,0,1,0,0,0,0,0,0,0,0,0,0,0,0,0,0,0,0,0,0,0
2015-03-03 20:20:13.774 UTC,125,0,0,0,0,0,3175269,1056,29192,224,0,0,0,0,0,0,0,0,0,0,0,0,0,0,0,0,4,4,0,2,1,7,0,0,0,0,0,0,0,0,0,0,0,0,0,0,0,0,0,24143,2,0,23177,0,0,0,0,0,0,57,0,0,0,0,0,0,0,0,0,0,0,0,0,0,0,0,0,0,0,0,0,0,0,0,0,0,0,0,0,1425413893753,3145728,0,0,0,0,0,0,0,0,0,0,0,3,0,0,0,0,0,1,0,0,0,0,0,0,0,0,0,0,0,0,0,0,0,0,19,1844,416169088,2,0,0,0,0,0,0,0,0,0,0,0,0,0,0,0,0,0,0,0,0,0,0,0,0,0,0,0,0,0,0,0,0,0,0,0,0,0,0,0,0,0,0,0,0,0,0,0,0,0
2015-03-03 20:21:13.776 UTC,125,0,0,0,0,0,3175269,1056,29192,224,0,0,0,0,0,0,0,0,0,0,0,0,0,0,0,0,4,4,0,2,1,7,0,0,0,0,0,0,0,0,0,0,0,0,0,0,0,0,0,24143,2,0,23177,0,0,0,0,0,0,57,0,0,0,0,0,0,0,0,0,0,0,0,0,0,0,0,0,0,0,0,0,0,0,0,0,0,0,0,0,1425413893753,3145728,0,0,0,0,0,0,0,0,0,0,0,3,0,0,0,0,0,1,0,0,0,0,0,0,0,0,0,0,0,0,0,0,1,3477,14,1354,327570736,2,0,0,0,0,0,0,0,0,0,0,0,0,0,0,0,0,0,0,0,0,0,0,0,0,0,0,0,0,0,0,0,0,0,0,0,0,0,0,0,0,0,0,0,0,0,0,0,0,0
2015-03-03 20:22:13.779 UTC,125,0,0,0,0,0,3175269,1056,29192,224,0,0,0,0,0,0,0,0,0,0,0,0,0,0,0,0,4,4,0,2,1,7,0,0,0,0,0,0,0,0,0,0,0,0,0,0,0,0,0,24143,2,0,23177,0,0,0,0,0,0,57,0,0,0,0,0,0,0,0,0,0,0,0,0,0,0,0,0,0,0,0,0,0,0,0,0,0,0,0,0,1425413893753,3145728,0,0,0,0,0,0,0,0,0,0,0,3,0,0,0,0,0,1,0,0,0,0,0,0,0,0,0,0,0,0,0,0,0,0,13,856,459361816,2,0,0,0,0,0,0,0,0,0,0,0,0,0,0,0,0,0,0,0,0,0,0,0,0,0,0,0,0,0,0,0,0,0,0,0,0,0,0,0,0,0,0,0,0,0,0,0,0,0
2015-03-03 20:23:13.782 UTC,125,0,0,0,0,0,3175269,1056,29192,224,0,0,0,0,0,0,0,0,0,0,0,0,0,0,0,0,4,4,0,2,1,7,0,0,0,0,0,0,0,0,0,0,0,0,0,0,0,0,0,24143,2,0,23177,0,0,0,0,0,0,57,0,0,0,0,0,0,0,0,0,0,0,0,0,0,0,0,0,0,0,0,0,0,0,0,0,0,0,0,0,1425413893753,3145728,0,0,0,0,0,0,0,0,0,0,0,3,0,0,0,0,0,1,0,0,0,0,0,0,0,0,0,0,0,0,0,0,0,0,13,830,344234112,2,0,0,0,0,0,0,0,0,0,0,0,0,0,0,0,0,0,0,0,0,0,0,0,0,0,0,0,0,0,0,0,0,0,0,0,0,0,0,0,0,0,0,0,0,0,0,0,0,0
2015-03-03 20:24:13.788 UTC,125,0,0,0,0,0,3175269,1056,29192,224,0,0,0,0,0,0,0,0,0,0,0,0,0,0,0,0,4,4,0,2,1,7,0,0,0,0,0,0,0,0,0,0,0,0,0,0,0,0,0,24143,2,0,23177,0,0,0,0,0,0,57,0,0,0,0,0,0,0,0,0,0,0,0,0,0,0,0,0,0,0,0,0,0,0,0,0,0,0,0,0,1425413893753,3145728,0,0,0,0,0,0,0,0,0,0,0,3,0,0,0,0,0,1,0,0,0,0,0,0,0,0,0,0,0,0,0,0,0,0,11,721,419833784,1,0,0,0,0,0,0,0,0,0,0,0,0,0,0,0,0,0,0,0,0,0,0,0,0,0,0,0,0,0,0,0,0,0,0,0,0,0,0,0,0,0,0,0,0,0,0,0,0,0
2015-03-03 20:25:13.789 UTC,125,0,0,0,0,0,3175269,1056,29192,224,0,0,0,0,0,0,0,0,0,0,0,0,0,0,0,0,4,4,0,2,1,7,0,0,0,0,0,0,0,0,0,0,0,0,0,0,0,0,0,24143,2,0,23177,0,0,0,0,0,0,57,0,0,0,0,0,0,0,0,0,0,0,0,0,0,0,0,0,0,0,0,0,0,0,0,0,0,0,0,0,1425413893753,3145728,0,0,0,0,0,0,0,0,0,0,0,3,0,0,0,0,0,1,0,0,0,0,0,0,0,0,0,0,0,0,0,0,0,0,10,665,462515304,1,0,0,0,0,0,0,0,0,0,0,0,0,0,0,0,0,0,0,0,0,0,0,0,0,0,0,0,0,0,0,0,0,0,0,0,0,0,0,0,0,0,0,0,0,0,0,0,0,0
2015-03-03 20:26:13.792 UTC,125,0,0,0,0,0,3175269,1056,29192,224,0,0,0,0,0,0,0,0,0,0,0,0,0,0,0,0,4,4,0,2,1,7,0,0,0,0,0,0,0,0,0,0,0,0,0,0,0,0,0,24143,2,0,23177,0,0,0,0,0,0,57,0,0,0,0,0,0,0,0,0,0,0,0,0,0,0,0,0,0,0,0,0,0,0,0,0,0,0,0,0,1425413893753,3145728,0,0,0,0,0,0,0,0,0,0,0,3,0,0,0,0,0,1,0,0,0,0,0,0,0,0,0,0,0,0,0,0,0,0,10,610,420105040,1,0,0,0,0,0,0,0,0,0,0,0,0,0,0,0,0,0,0,0,0,0,0,0,0,0,0,0,0,0,0,0,0,0,0,0,0,0,0,0,0,0,0,0,0,0,0,0,0,0
2015-03-03 20:27:13.794 UTC,125,0,0,0,0,0,3175269,1056,29192,224,0,0,0,0,0,0,0,0,0,0,0,0,0,0,0,0,4,4,0,2,1,7,0,0,0,0,0,0,0,0,0,0,0,0,0,0,0,0,0,24143,2,0,23177,0,0,0,0,0,0,57,0,0,0,0,0,0,0,0,0,0,0,0,0,0,0,0,0,0,0,0,0,0,0,0,0,0,0,0,0,1425413893753,3145728,0,0,0,0,0,0,0,0,0,0,0,3,0,0,0,0,0,1,0,0,0,0,0,0,0,0,0,0,0,0,0,0,0,0,10,625,320964248,2,0,0,0,0,0,0,0,0,0,0,0,0,0,0,0,0,0,0,0,0,0,0,0,0,0,0,0,0,0,0,0,0,0,0,0,0,0,0,0,0,0,0,0,0,0,0,0,0,0
2015-03-03 20:28:13.798 UTC,125,0,0,0,0,0,3175269,1056,29192,224,0,0,0,0,0,0,0,0,0,0,0,0,0,0,0,0,4,4,0,2,1,7,0,0,0,0,0,0,0,0,0,0,0,0,0,0,0,0,0,24143,2,0,23177,0,0,0,0,0,0,57,0,0,0,0,0,0,0,0,0,0,0,0,0,0,0,0,0,0,0,0,0,0,0,0,0,0,0,0,0,1425413893753,3145728,0,0,0,0,0,0,0,0,0,0,0,3,0,0,0,0,0,1,0,0,0,0,0,0,0,0,0,0,0,0,0,0,0,0,9,632,363316392,2,0,0,0,0,0,0,0,0,0,0,0,0,0,0,0,0,0,0,0,0,0,0,0,0,0,0,0,0,0,0,0,0,0,0,0,0,0,0,0,0,0,0,0,0,0,0,0,0,0
2015-03-03 20:29:13.800 UTC,125,0,0,0,0,0,3175269,1056,29192,224,0,0,0,0,0,0,0,0,0,0,0,0,0,0,0,0,4,4,0,2,1,7,0,0,0,0,0,0,0,0,0,0,0,0,0,0,0,0,0,24143,2,0,23177,0,0,0,0,0,0,57,0,0,0,0,0,0,0,0,0,0,0,0,0,0,0,0,0,0,0,0,0,0,0,0,0,0,0,0,0,1425413893753,3145728,0,0,0,0,0,0,0,0,0,0,0,3,0,0,0,0,0,1,0,0,0,0,0,0,0,0,0,0,0,0,0,0,0,0,9,619,412243416,2,0,0,0,0,0,0,0,0,0,0,0,0,0,0,0,0,0,0,0,0,0,0,0,0,0,0,0,0,0,0,0,0,0,0,0,0,0,0,0,0,0,0,0,0,0,0,0,0,0
2015-03-03 20:30:13.802 UTC,125,0,0,0,0,0,3175269,1056,29192,224,0,0,0,0,0,0,0,0,0,0,0,0,0,0,0,0,4,4,0,2,1,7,0,0,0,0,0,0,0,0,0,0,0,0,0,0,0,0,0,24143,2,0,23177,0,0,0,0,0,0,57,0,0,0,0,0,0,0,0,0,0,0,0,0,0,0,0,0,0,0,0,0,0,0,0,0,0,0,0,0,1425413893753,3145728,0,0,0,0,0,0,0,0,0,0,0,3,0,0,0,0,0,1,0,0,0,0,0,0,0,0,0,0,0,0,0,0,0,0,10,617,375331560,2,0,0,0,0,0,0,0,0,0,0,0,0,0,0,0,0,0,0,0,0,0,0,0,0,0,0,0,0,0,0,0,0,0,0,0,0,0,0,0,0,0,0,0,0,0,0,0,0,0
2015-03-03 20:31:13.804 UTC,125,0,0,0,0,0,3175269,1056,29192,224,0,0,0,0,0,0,0,0,0,0,0,0,0,0,0,0,4,4,0,2,1,7,0,0,0,0,0,0,0,0,0,0,0,0,0,0,0,0,0,24143,2,0,23177,0,0,0,0,0,0,57,0,0,0,0,0,0,0,0,0,0,0,0,0,0,0,0,0,0,0,0,0,0,0,0,0,0,0,0,0,1425413893753,3145728,0,0,0,0,0,0,0,0,0,0,0,3,0,0,0,0,0,1,0,0,0,0,0,0,0,0,0,0,0,0,0,0,0,0,11,849,379545296,2,0,0,0,0,0,0,0,0,0,0,0,0,0,0,0,0,0,0,0,0,0,0,0,0,0,0,0,0,0,0,0,0,0,0,0,0,0,0,0,0,0,0,0,0,0,0,0,0,0
2015-03-03 20:32:13.806 UTC,125,0,0,0,0,0,3175269,1056,29192,224,0,0,0,0,0,0,0,0,0,0,0,0,0,0,0,0,4,4,0,2,1,7,0,0,0,0,0,0,0,0,0,0,0,0,0,0,0,0,0,24143,2,0,23177,0,0,0,0,0,0,57,0,0,0,0,0,0,0,0,0,0,0,0,0,0,0,0,0,0,0,0,0,0,0,0,0,0,0,0,0,1425413893753,3145728,0,0,0,0,0,0,0,0,0,0,0,3,0,0,0,0,0,1,0,0,0,0,0,0,0,0,0,0,0,0,0,0,0,0,12,995,365486928,2,0,0,0,0,0,0,0,0,0,0,0,0,0,0,0,0,0,0,0,0,0,0,0,0,0,0,0,0,0,0,0,0,0,0,0,0,0,0,0,0,0,0,0,0,0,0,0,0,0
2015-03-03 20:33:13.823 UTC,125,0,0,0,0,0,3175269,1056,29192,224,0,0,0,0,0,0,0,0,0,0,0,0,0,0,0,0,4,4,0,2,1,7,0,0,0,0,0,0,0,0,0,0,0,0,0,0,0,0,0,24143,2,0,23177,0,0,0,0,0,0,57,0,0,0,0,0,0,0,0,0,0,0,0,0,0,0,0,0,0,0,0,0,0,0,0,0,0,0,0,0,1425413893753,3145728,0,0,0,0,0,0,0,0,0,0,0,3,0,0,0,0,0,1,0,0,0,0,0,0,0,0,0,0,0,0,0,0,0,0,12,889,317137752,2,0,0,0,0,0,0,0,0,0,0,0,0,0,0,0,0,0,0,0,0,0,0,0,0,0,0,0,0,0,0,0,0,0,0,0,0,0,0,0,0,0,0,0,0,0,0,0,0,0
2015-03-03 20:34:13.825 UTC,125,0,0,0,0,0,3175269,1056,29192,224,0,0,0,0,0,0,0,0,0,0,0,0,0,0,0,0,4,4,0,2,1,7,0,0,0,0,0,0,0,0,0,0,0,0,0,0,0,0,0,24143,2,0,23177,0,0,0,0,0,0,57,0,0,0,0,0,0,0,0,0,0,0,0,0,0,0,0,0,0,0,0,0,0,0,0,0,0,0,0,0,1425413893753,3145728,0,0,0,0,0,0,0,0,0,0,0,3,0,0,0,0,0,1,0,0,0,0,0,0,0,0,0,0,0,0,0,0,0,0,11,809,452270968,2,0,0,0,0,0,0,0,0,0,0,0,0,0,0,0,0,0,0,0,0,0,0,0,0,0,0,0,0,0,0,0,0,0,0,0,0,0,0,0,0,0,0,0,0,0,0,0,0,0
2015-03-03 20:34:43.406 UTC,125,0,0,0,0,0,3175045,1056,29192,0,0,0,0,0,0,0,0,0,0,0,0,0,0,0,0,0,4,4,0,2,1,7,0,0,0,0,0,0,0,0,0,0,0,0,0,0,0,0,0,24143,2,0,23177,0,0,0,0,0,0,57,0,0,0,0,0,0,0,0,0,0,0,0,0,0,0,0,0,0,0,0,0,0,0,0,0,0,0,0,0,1425413893753,3145728,0,0,0,0,0,0,0,0,0,0,0,3,0,0,0,0,0,1,0,0,0,0,0,0,0,0,0,0,0,0,0,0,0,0,6,453,422675816,2,0,0,0,0,0,0,0,0,0,0,0,0,0,0,0,0,0,0,0,0,0,0,0,0,0,0,0,0,0,0,0,0,0,0,0,0,0,0,0,0,0,0,0,0,0,0,0,0,0
2015-03-03 20:34:48.503 UTC,125,0,0,0,0,0,3159501,928,13536,112,0,0,0,0,0,0,16,3,0,0,0,0,0,0,2,0,4,4,0,2,2,5,12,5,0,0,0,0,0,0,0,0,0,0,0,0,0,0,0,24143,2,0,23177,0,0,0,0,0,0,57,0,0,0,0,0,0,0,0,0,0,0,0,0,0,0,0,0,0,0,0,0,0,0,0,0,0,0,0,2,1425414888473,3145728,0,0,0,14,0,0,0,3,0,0,0,3,0,0,0,0,14,1,2048,1,0,0,0,0,106496,25,0,0,0,0,0,0,0,0,3,26,26447376,2,0,0,0,0,0,0,21,0,0,0,0,0,0,0,0,0,0,0,0,0,0,0,0,0,0,0,0,0,0,1,0,0,0,0,0,0,0,0,0,0,0,0,0,0,0,0,0,0,0
2015-03-03 20:35:48.506 UTC,125,0,0,0,0,0,3175269,1056,29192,224,0,0,0,0,0,0,3,1,0,0,0,0,0,0,0,0,4,4,0,2,1,7,3,3,0,0,0,0,0,0,0,0,0,0,0,0,0,0,0,24143,2,0,23177,0,0,0,0,0,0,57,0,0,0,0,0,0,0,0,0,0,0,0,0,0,0,0,0,0,0,0,0,0,0,0,0,0,0,0,0,1425414888473,3145728,0,0,0,4,0,0,0,0,0,0,0,3,0,0,0,0,4,1,0,0,0,0,0,1,20861,5,0,0,0,0,0,0,4,3401,21,1188,371001064,2,0,0,0,0,0,0,7,0,0,0,0,0,0,0,0,0,0,0,0,0,0,0,0,0,0,0,0,0,0,0,0,0,0,0,0,0,0,0,0,0,0,0,0,0,0,0,0,0,0
2015-03-03 20:36:48.597 UTC,125,0,0,0,0,0,3175269,1056,29192,224,0,0,0,0,0,0,0,0,0,0,0,0,0,0,0,0,4,4,0,2,1,7,0,0,0,0,0,0,0,0,0,0,0,0,0,0,0,0,0,24143,2,0,23177,0,0,0,0,0,0,57,0,0,0,0,0,0,0,0,0,0,0,0,0,0,0,0,0,0,0,0,0,0,0,0,0,0,0,0,0,1425414888473,3145728,0,0,0,0,0,0,0,0,0,0,0,3,0,0,0,0,0,1,0,0,0,0,0,0,0,0,0,0,0,0,0,0,0,0,19,1961,275001576,2,0,0,0,0,0,0,0,0,0,0,0,0,0,0,0,0,0,0,0,0,0,0,0,0,0,0,0,0,0,0,0,0,0,0,0,0,0,0,0,0,0,0,0,0,0,0,0,0,0
2015-03-03 20:37:48.607 UTC,125,0,0,0,0,0,3175269,1056,29192,224,0,0,0,0,0,0,0,0,0,0,0,0,0,0,0,0,4,4,0,2,1,7,0,0,0,0,0,0,0,0,0,0,0,0,0,0,0,0,0,24143,2,0,23177,0,0,0,0,0,0,57,0,0,0,0,0,0,0,0,0,0,0,0,0,0,0,0,0,0,0,0,0,0,0,0,0,0,0,0,0,1425414888473,3145728,0,0,0,0,0,0,0,0,0,0,0,3,0,0,0,0,0,1,0,0,0,0,0,0,0,0,0,0,0,0,0,0,3,6669,16,1226,412827136,2,0,0,0,0,0,0,0,0,0,0,0,0,0,0,0,0,0,0,0,0,0,0,0,0,0,0,0,0,0,0,0,0,0,0,0,0,0,0,0,0,0,0,0,0,0,0,0,0,0
2015-03-03 20:38:48.610 UTC,125,0,0,0,0,0,3175269,1056,29192,224,0,0,0,0,0,0,0,0,0,0,0,0,0,0,0,0,4,4,0,2,1,7,0,0,0,0,0,0,0,0,0,0,0,0,0,0,0,0,0,24143,2,0,23177,0,0,0,0,0,0,57,0,0,0,0,0,0,0,0,0,0,0,0,0,0,0,0,0,0,0,0,0,0,0,0,0,0,0,0,0,1425414888473,3145728,0,0,0,0,0,0,0,0,0,0,0,3,0,0,0,0,0,1,0,0,0,0,0,0,0,0,0,0,0,0,0,0,0,0,15,923,468510136,2,0,0,0,0,0,0,0,0,0,0,0,0,0,0,0,0,0,0,0,0,0,0,0,0,0,0,0,0,0,0,0,0,0,0,0,0,0,0,0,0,0,0,0,0,0,0,0,0,0
2015-03-03 20:39:48.612 UTC,125,0,0,0,0,0,3175269,1056,29192,224,0,0,0,0,0,0,0,0,0,0,0,0,0,0,0,0,4,4,0,2,1,7,0,0,0,0,0,0,0,0,0,0,0,0,0,0,0,0,0,24143,2,0,23177,0,0,0,0,0,0,57,0,0,0,0,0,0,0,0,0,0,0,0,0,0,0,0,0,0,0,0,0,0,0,0,0,0,0,0,0,1425414888473,3145728,0,0,0,0,0,0,0,0,0,0,0,3,0,0,0,0,0,1,0,0,0,0,0,0,0,0,0,0,0,0,0,0,0,0,14,1235,335386912,2,0,0,0,0,0,0,0,0,0,0,0,0,0,0,0,0,0,0,0,0,0,0,0,0,0,0,0,0,0,0,0,0,0,0,0,0,0,0,0,0,0,0,0,0,0,0,0,0,0
2015-03-03 20:40:48.614 UTC,125,0,0,0,0,0,3175269,1056,29192,224,0,0,0,0,0,0,0,0,0,0,0,0,0,0,0,0,4,4,0,2,1,7,0,0,0,0,0,0,0,0,0,0,0,0,0,0,0,0,0,24143,2,0,23177,0,0,0,0,0,0,57,0,0,0,0,0,0,0,0,0,0,0,0,0,0,0,0,0,0,0,0,0,0,0,0,0,0,0,0,0,1425414888473,3145728,0,0,0,0,0,0,0,0,0,0,0,3,0,0,0,0,0,1,0,0,0,0,0,0,0,0,0,0,0,0,0,0,0,0,12,793,439542256,2,0,0,0,0,0,0,0,0,0,0,0,0,0,0,0,0,0,0,0,0,0,0,0,0,0,0,0,0,0,0,0,0,0,0,0,0,0,0,0,0,0,0,0,0,0,0,0,0,0
2015-03-03 20:41:48.616 UTC,125,0,0,0,0,0,3175269,1056,29192,224,0,0,0,0,0,0,0,0,0,0,0,0,0,0,0,0,4,4,0,2,1,7,0,0,0,0,0,0,0,0,0,0,0,0,0,0,0,0,0,24143,2,0,23177,0,0,0,0,0,0,57,0,0,0,0,0,0,0,0,0,0,0,0,0,0,0,0,0,0,0,0,0,0,0,0,0,0,0,0,0,1425414888473,3145728,0,0,0,0,0,0,0,0,0,0,0,3,0,0,0,0,0,1,0,0,0,0,0,0,0,0,0,0,0,0,0,0,0,0,11,702,523254952,2,0,0,0,0,0,0,0,0,0,0,0,0,0,0,0,0,0,0,0,0,0,0,0,0,0,0,0,0,0,0,0,0,0,0,0,0,0,0,0,0,0,0,0,0,0,0,0,0,0
2015-03-03 20:42:48.618 UTC,125,0,0,0,0,0,3175269,1056,29192,224,0,0,0,0,0,0,0,0,0,0,0,0,0,0,0,0,4,4,0,2,1,7,0,0,0,0,0,0,0,0,0,0,0,0,0,0,0,0,0,24143,2,0,23177,0,0,0,0,0,0,57,0,0,0,0,0,0,0,0,0,0,0,0,0,0,0,0,0,0,0,0,0,0,0,0,0,0,0,0,0,1425414888473,3145728,0,0,0,0,0,0,0,0,0,0,0,3,0,0,0,0,0,1,0,0,0,0,0,0,0,0,0,0,0,0,0,0,0,0,11,673,419687976,2,0,0,0,0,0,0,0,0,0,0,0,0,0,0,0,0,0,0,0,0,0,0,0,0,0,0,0,0,0,0,0,0,0,0,0,0,0,0,0,0,0,0,0,0,0,0,0,0,0
2015-03-03 20:43:48.620 UTC,125,0,0,0,0,0,3175269,1056,29192,224,0,0,0,0,0,0,0,0,0,0,0,0,0,0,0,0,4,4,0,2,1,7,0,0,0,0,0,0,0,0,0,0,0,0,0,0,0,0,0,24143,2,0,23177,0,0,0,0,0,0,57,0,0,0,0,0,0,0,0,0,0,0,0,0,0,0,0,0,0,0,0,0,0,0,0,0,0,0,0,0,1425414888473,3145728,0,0,0,0,0,0,0,0,0,0,0,3,0,0,0,0,0,1,0,0,0,0,0,0,0,0,0,0,0,0,0,0,0,0,10,615,487348056,2,0,0,0,0,0,0,0,0,0,0,0,0,0,0,0,0,0,0,0,0,0,0,0,0,0,0,0,0,0,0,0,0,0,0,0,0,0,0,0,0,0,0,0,0,0,0,0,0,0
2015-03-03 20:44:08.992 UTC,125,0,0,0,0,0,3175045,1056,29192,0,0,0,0,0,0,0,0,0,0,0,0,0,0,0,0,0,4,4,0,2,1,7,0,0,0,0,0,0,0,0,0,0,0,0,0,0,0,0,0,24143,2,0,23177,0,0,0,0,0,0,57,0,0,0,0,0,0,0,0,0,0,0,0,0,0,0,0,0,0,0,0,0,0,0,0,0,0,0,0,0,1425414888473,3145728,0,0,0,0,0,0,0,0,0,0,0,3,0,0,0,0,0,1,0,0,0,0,0,0,0,0,0,0,0,0,0,0,0,0,3,175,538557952,2,0,0,0,0,0,0,0,0,0,0,0,0,0,0,0,0,0,0,0,0,0,0,0,0,0,0,0,0,0,0,0,0,0,0,0,0,0,0,0,0,0,0,0,0,0,0,0,0,0
2015-03-03 20:44:14.928 UTC,125,0,0,0,0,0,3161317,928,15272,192,0,0,0,0,0,0,17,4,0,0,0,0,0,0,2,0,4,4,0,2,2,6,12,5,0,0,0,0,0,0,0,0,0,0,0,0,0,0,0,24143,2,0,23177,0,0,0,0,0,0,57,0,0,0,0,0,0,0,0,0,0,0,0,0,0,0,0,0,0,0,0,0,0,0,0,0,0,0,0,2,1425415454902,3145728,0,0,0,15,0,0,0,3,0,0,0,3,0,0,0,0,15,1,2048,1,0,0,0,0,110592,26,0,0,0,0,0,0,0,0,3,23,27424560,2,0,0,0,0,0,0,23,0,0,0,0,0,0,0,0,0,0,0,0,0,0,0,0,0,0,0,0,0,0,1,0,0,0,0,0,0,0,0,0,0,0,0,0,0,0,0,0,0,0
2015-03-03 20:45:14.931 UTC,125,0,0,0,0,0,3175269,1056,29192,224,0,0,0,0,0,0,2,0,0,0,0,0,0,0,0,0,4,4,0,2,1,7,3,3,0,0,0,0,0,0,0,0,0,0,0,0,0,0,0,24143,2,0,23177,0,0,0,0,0,0,57,0,0,0,0,0,0,0,0,0,0,0,0,0,0,0,0,0,0,0,0,0,0,0,0,0,0,0,0,0,1425415454902,3145728,0,0,0,3,0,0,0,0,0,0,0,3,0,0,0,0,3,1,0,0,0,0,0,1,16765,4,0,0,0,0,0,0,4,2586,23,1528,246694136,2,0,0,0,0,0,0,5,0,0,0,0,0,0,0,0,0,0,0,0,0,0,0,0,0,0,0,0,0,0,0,0,0,0,0,0,0,0,0,0,0,0,0,0,0,0,0,0,0,0
2015-03-03 20:46:14.933 UTC,125,0,0,0,0,0,3175269,1056,29192,224,0,0,0,0,0,0,0,0,0,0,0,0,0,0,0,0,4,4,0,2,1,7,0,0,0,0,0,0,0,0,0,0,0,0,0,0,0,0,0,24143,2,0,23177,0,0,0,0,0,0,57,0,0,0,0,0,0,0,0,0,0,0,0,0,0,0,0,0,0,0,0,0,0,0,0,0,0,0,0,0,1425415454902,3145728,0,0,0,0,0,0,0,0,0,0,0,3,0,0,0,0,0,1,0,0,0,0,0,0,0,0,0,0,0,0,0,0,0,0,19,1818,389383304,2,0,0,0,0,0,0,0,0,0,0,0,0,0,0,0,0,0,0,0,0,0,0,0,0,0,0,0,0,0,0,0,0,0,0,0,0,0,0,0,0,0,0,0,0,0,0,0,0,0
2015-03-03 20:47:14.935 UTC,125,0,0,0,0,0,3175269,1056,29192,224,0,0,0,0,0,0,0,0,0,0,0,0,0,0,0,0,4,4,0,2,1,7,0,0,0,0,0,0,0,0,0,0,0,0,0,0,0,0,0,24143,2,0,23177,0,0,0,0,0,0,57,0,0,0,0,0,0,0,0,0,0,0,0,0,0,0,0,0,0,0,0,0,0,0,0,0,0,0,0,0,1425415454902,3145728,0,0,0,0,0,0,0,0,0,0,0,3,0,0,0,0,0,1,0,0,0,0,0,0,0,0,0,0,0,0,0,0,3,5702,14,1320,315771696,2,0,0,0,0,0,0,0,0,0,0,0,0,0,0,0,0,0,0,0,0,0,0,0,0,0,0,0,0,0,0,0,0,0,0,0,0,0,0,0,0,0,0,0,0,0,0,0,0,0
2015-03-03 20:47:53.469 UTC,125,0,0,0,0,0,3175045,1056,29192,0,0,0,0,0,0,0,5,0,0,0,0,0,0,0,0,0,4,4,0,2,1,7,5,0,0,0,0,0,0,0,0,0,0,0,0,0,0,0,0,24143,2,0,23177,0,0,0,0,0,0,57,0,0,0,0,0,0,0,0,0,0,0,0,0,0,0,0,0,0,0,0,0,0,0,0,0,0,0,0,0,1425415454902,3145728,0,0,0,0,0,0,0,0,0,0,0,3,0,0,0,0,0,1,0,0,0,0,0,0,0,0,0,0,0,0,0,0,2,3118,10,578,371698304,2,0,0,0,0,0,0,12,0,0,0,0,0,0,0,0,0,0,0,0,0,0,0,0,0,0,0,0,0,0,1,0,0,0,0,0,0,0,0,0,0,0,0,0,0,0,0,0,0,0
2015-03-03 20:47:57.175 UTC,125,0,0,0,0,0,3161237,928,15272,112,0,0,0,0,0,0,17,4,0,0,0,0,0,0,2,0,4,4,0,2,2,6,12,5,0,0,0,0,0,0,0,0,0,0,0,0,0,0,0,24143,2,0,23177,0,0,0,0,0,0,57,0,0,0,0,0,0,0,0,0,0,0,0,0,0,0,0,0,0,0,0,0,0,0,0,0,0,0,0,2,1425415677133,3145728,0,0,0,15,0,0,0,3,0,0,0,3,0,0,0,0,15,1,2048,1,0,0,0,0,108544,26,0,0,0,0,0,0,0,0,3,27,25674880,1,0,0,0,0,0,0,23,0,0,0,0,0,0,0,0,0,0,0,0,0,0,0,0,0,0,0,0,0,0,1,0,0,0,0,0,0,0,0,0,0,0,0,0,0,0,0,0,0,0
2015-03-03 20:48:57.178 UTC,125,0,0,0,0,0,3175269,1056,29192,224,0,0,0,0,0,0,2,0,0,0,0,0,0,0,0,0,4,4,0,2,1,7,3,3,0,0,0,0,0,0,0,0,0,0,0,0,0,0,0,24143,2,0,23177,0,0,0,0,0,0,57,0,0,0,0,0,0,0,0,0,0,0,0,0,0,0,0,0,0,0,0,0,0,0,0,0,0,0,0,0,1425415677133,3145728,0,0,0,3,0,0,0,0,0,0,0,3,0,0,0,0,3,1,0,0,0,0,0,1,18813,4,0,0,0,0,0,0,4,3495,22,1141,256096848,3,0,0,0,0,0,0,5,0,0,0,0,0,0,0,0,0,0,0,0,0,0,0,0,0,0,0,0,0,0,0,0,0,0,0,0,0,0,0,0,0,0,0,0,0,0,0,0,0,0
2015-03-03 20:49:57.181 UTC,125,0,0,0,0,0,3175269,1056,29192,224,0,0,0,0,0,0,0,0,0,0,0,0,0,0,0,0,4,4,0,2,1,7,0,0,0,0,0,0,0,0,0,0,0,0,0,0,0,0,0,24143,2,0,23177,0,0,0,0,0,0,57,0,0,0,0,0,0,0,0,0,0,0,0,0,0,0,0,0,0,0,0,0,0,0,0,0,0,0,0,0,1425415677133,3145728,0,0,0,0,0,0,0,0,0,0,0,3,0,0,0,0,0,1,0,0,0,0,0,0,0,0,0,0,0,0,0,0,0,0,18,1785,372373144,2,0,0,0,0,0,0,0,0,0,0,0,0,0,0,0,0,0,0,0,0,0,0,0,0,0,0,0,0,0,0,0,0,0,0,0,0,0,0,0,0,0,0,0,0,0,0,0,0,0
2015-03-03 20:50:55.615 UTC,125,0,0,0,0,0,3175045,1056,29192,0,0,0,0,0,0,0,0,0,0,0,0,0,0,0,0,0,4,4,0,2,1,7,0,0,0,0,0,0,0,0,0,0,0,0,0,0,0,0,0,24143,2,0,23177,0,0,0,0,0,0,57,0,0,0,0,0,0,0,0,0,0,0,0,0,0,0,0,0,0,0,0,0,0,0,0,0,0,0,0,0,1425415677133,3145728,0,0,0,0,0,0,0,0,0,0,0,3,0,0,0,0,0,1,0,0,0,0,0,0,0,0,0,0,0,0,0,0,3,5512,15,1138,321135360,1,0,0,0,0,0,0,0,0,0,0,0,0,0,0,0,0,0,0,0,0,0,0,0,0,0,0,0,0,0,0,0,0,0,0,0,0,0,0,0,0,0,0,0,0,0,0,0,0,0
2015-03-03 22:05:16.690 UTC,125,0,0,0,0,0,3157901,928,12048,0,0,0,0,0,0,0,14,3,0,0,0,0,0,0,2,0,3,3,0,2,1,5,10,4,0,0,0,0,0,0,0,0,0,0,0,0,0,0,0,24143,2,0,23177,0,0,0,0,0,0,57,0,0,0,0,0,0,0,0,0,0,0,0,0,0,0,0,0,0,0,0,0,0,0,0,0,0,0,0,2,1425420316663,3145728,0,0,0,12,0,0,0,2,0,0,0,3,0,0,0,0,12,0,2048,1,0,0,0,0,100352,22,0,0,0,0,0,0,0,0,3,39,26402128,0,0,0,0,0,0,0,16,0,0,0,0,0,0,0,0,0,0,0,0,0,0,0,0,0,0,0,0,0,0,0,0,0,0,0,0,0,0,0,0,0,0,0,0,0,0,0,0,0,0
2015-03-03 22:06:16.692 UTC,125,0,0,0,0,0,3175269,1056,29192,224,0,0,0,0,0,0,5,1,0,0,0,0,0,0,0,0,4,4,0,2,1,7,5,4,0,0,0,0,0,0,0,0,0,0,0,0,0,0,0,24143,2,0,23177,0,0,0,0,0,0,57,0,0,0,0,0,0,0,0,0,0,0,0,0,0,0,0,0,0,0,0,0,0,0,0,0,0,0,0,0,1425420316663,3145728,0,0,0,6,0,0,0,1,0,0,0,3,0,0,0,0,6,1,0,0,0,0,0,1,27005,8,0,0,0,0,0,0,4,1832,28,1637,274195944,1,0,0,0,0,0,0,12,0,0,0,0,0,0,0,0,0,0,0,0,0,0,0,0,0,0,0,0,0,0,1,0,0,0,0,0,0,0,0,0,0,0,0,0,0,0,0,0,0,0
2015-03-03 22:07:16.696 UTC,125,0,0,0,0,0,3175269,1056,29192,224,0,0,0,0,0,0,0,0,0,0,0,0,0,0,0,0,4,4,0,2,1,7,0,0,0,0,0,0,0,0,0,0,0,0,0,0,0,0,0,24143,2,0,23177,0,0,0,0,0,0,57,0,0,0,0,0,0,0,0,0,0,0,0,0,0,0,0,0,0,0,0,0,0,0,0,0,0,0,0,0,1425420316663,3145728,0,0,0,0,0,0,0,0,0,0,0,3,0,0,0,0,0,1,0,0,0,0,0,0,0,0,0,0,0,0,0,0,0,0,15,2275,398483512,4,0,0,0,0,0,0,0,0,0,0,0,0,0,0,0,0,0,0,0,0,0,0,0,0,0,0,0,0,0,0,0,0,0,0,0,0,0,0,0,0,0,0,0,0,0,0,0,0,0
2015-03-03 22:08:16.699 UTC,125,0,0,0,0,0,3175269,1056,29192,224,0,0,0,0,0,0,0,0,0,0,0,0,0,0,0,0,4,4,0,2,1,7,0,0,0,0,0,0,0,0,0,0,0,0,0,0,0,0,0,24143,2,0,23177,0,0,0,0,0,0,57,0,0,0,0,0,0,0,0,0,0,0,0,0,0,0,0,0,0,0,0,0,0,0,0,0,0,0,0,0,1425420316663,3145728,0,0,0,0,0,0,0,0,0,0,0,3,0,0,0,0,0,1,0,0,0,0,0,0,0,0,0,0,0,0,0,0,1,7923,12,1398,363725672,4,0,0,0,0,0,0,0,0,0,0,0,0,0,0,0,0,0,0,0,0,0,0,0,0,0,0,0,0,0,0,0,0,0,0,0,0,0,0,0,0,0,0,0,0,0,0,0,0,0
2015-03-03 22:09:16.702 UTC,125,0,0,0,0,0,3175269,1056,29192,224,0,0,0,0,0,0,0,0,0,0,0,0,0,0,0,0,4,4,0,2,1,7,0,0,0,0,0,0,0,0,0,0,0,0,0,0,0,0,0,24143,2,0,23177,0,0,0,0,0,0,57,0,0,0,0,0,0,0,0,0,0,0,0,0,0,0,0,0,0,0,0,0,0,0,0,0,0,0,0,0,1425420316663,3145728,0,0,0,0,0,0,0,0,0,0,0,3,0,0,0,0,0,1,0,0,0,0,0,0,0,0,0,0,0,0,0,0,0,0,12,997,385344192,3,0,0,0,0,0,0,0,0,0,0,0,0,0,0,0,0,0,0,0,0,0,0,0,0,0,0,0,0,0,0,0,0,0,0,0,0,0,0,0,0,0,0,0,0,0,0,0,0,0
2015-03-03 22:10:16.704 UTC,125,0,0,0,0,0,3175269,1056,29192,224,0,0,0,0,0,0,0,0,0,0,0,0,0,0,0,0,4,4,0,2,1,7,0,0,0,0,0,0,0,0,0,0,0,0,0,0,0,0,0,24143,2,0,23177,0,0,0,0,0,0,57,0,0,0,0,0,0,0,0,0,0,0,0,0,0,0,0,0,0,0,0,0,0,0,0,0,0,0,0,0,1425420316663,3145728,0,0,0,0,0,0,0,0,0,0,0,3,0,0,0,0,0,1,0,0,0,0,0,0,0,0,0,0,0,0,0,0,0,0,13,763,418498736,2,0,0,0,0,0,0,0,0,0,0,0,0,0,0,0,0,0,0,0,0,0,0,0,0,0,0,0,0,0,0,0,0,0,0,0,0,0,0,0,0,0,0,0,0,0,0,0,0,0
2015-03-03 22:11:16.707 UTC,125,0,0,0,0,0,3175269,1056,29192,224,0,0,0,0,0,0,0,0,0,0,0,0,0,0,0,0,4,4,0,2,1,7,0,0,0,0,0,0,0,0,0,0,0,0,0,0,0,0,0,24143,2,0,23177,0,0,0,0,0,0,57,0,0,0,0,0,0,0,0,0,0,0,0,0,0,0,0,0,0,0,0,0,0,0,0,0,0,0,0,0,1425420316663,3145728,0,0,0,0,0,0,0,0,0,0,0,3,0,0,0,0,0,1,0,0,0,0,0,0,0,0,0,0,0,0,0,0,0,0,12,521,432024488,1,0,0,0,0,0,0,0,0,0,0,0,0,0,0,0,0,0,0,0,0,0,0,0,0,0,0,0,0,0,0,0,0,0,0,0,0,0,0,0,0,0,0,0,0,0,0,0,0,0
2015-03-03 22:12:02.551 UTC,125,0,0,0,0,0,3175045,1056,29192,0,0,0,0,0,0,0,0,0,0,0,0,0,0,0,0,0,4,4,0,2,1,7,0,0,0,0,0,0,0,0,0,0,0,0,0,0,0,0,0,24143,2,0,23177,0,0,0,0,0,0,57,0,0,0,0,0,0,0,0,0,0,0,0,0,0,0,0,0,0,0,0,0,0,0,0,0,0,0,0,0,1425420316663,3145728,0,0,0,0,0,0,0,0,0,0,0,3,0,0,0,0,0,1,0,0,0,0,0,0,0,0,0,0,0,0,0,0,0,0,8,440,516469392,1,0,0,0,0,0,0,0,0,0,0,0,0,0,0,0,0,0,0,0,0,0,0,0,0,0,0,0,0,0,0,0,0,0,0,0,0,0,0,0,0,0,0,0,0,0,0,0,0,0
2015-03-03 22:25:49.442 UTC,125,0,0,0,0,0,3159501,928,13536,112,0,0,0,0,0,0,16,3,0,0,0,0,0,0,2,0,3,4,0,2,2,5,12,5,0,0,0,0,0,0,0,0,0,0,0,0,0,0,0,24143,2,0,23177,0,0,0,0,0,0,57,0,0,0,0,0,0,0,0,0,0,0,0,0,0,0,0,0,0,0,0,0,0,0,0,0,0,0,0,2,1425421549419,3145728,0,0,0,14,0,0,0,3,0,0,0,3,0,0,0,0,14,1,2048,1,0,0,0,0,106496,25,0,0,0,0,0,0,0,0,3,36,26592904,0,0,0,0,0,0,0,21,0,0,0,0,0,0,0,0,0,0,0,0,0,0,0,0,0,0,0,0,0,0,1,0,0,0,0,0,0,0,0,0,0,0,0,0,0,0,0,0,0,0
2015-03-03 22:26:49.445 UTC,125,0,0,0,0,0,3175269,1056,29192,224,0,0,0,0,0,0,3,1,0,0,0,0,0,0,0,0,4,4,0,2,1,7,3,3,0,0,0,0,0,0,0,0,0,0,0,0,0,0,0,24143,2,0,23177,0,0,0,0,0,0,57,0,0,0,0,0,0,0,0,0,0,0,0,0,0,0,0,0,0,0,0,0,0,0,0,0,0,0,0,0,1425421549419,3145728,0,0,0,4,0,0,0,0,0,0,0,3,0,0,0,0,4,1,0,0,0,0,0,1,20861,5,0,0,0,0,0,0,4,1689,28,1400,290629080,1,0,0,0,0,0,0,7,0,0,0,0,0,0,0,0,0,0,0,0,0,0,0,0,0,0,0,0,0,0,0,0,0,0,0,0,0,0,0,0,0,0,0,0,0,0,0,0,0,0
2015-03-03 22:37:31.908 UTC,125,0,0,0,0,0,3157901,928,12048,0,0,0,0,0,0,0,14,3,0,0,0,0,0,0,2,0,3,3,0,2,1,5,10,4,0,0,0,0,0,0,0,0,0,0,0,0,0,0,0,24143,2,0,23177,0,0,0,0,0,0,57,0,0,0,0,0,0,0,0,0,0,0,0,0,0,0,0,0,0,0,0,0,0,0,0,0,0,0,0,2,1425422251887,3145728,0,0,0,12,0,0,0,2,0,0,0,3,0,0,0,0,12,0,2048,1,0,0,0,0,100352,22,0,0,0,0,0,0,0,0,3,62,25492304,0,0,0,0,0,0,0,17,0,0,0,0,0,0,0,0,0,0,0,0,0,0,0,0,0,0,0,0,0,0,0,0,0,0,0,0,0,0,0,0,0,0,0,0,0,0,0,0,0,0
2015-03-03 23:06:19.280 UTC,125,0,0,0,0,0,3174093,928,28048,192,0,0,0,0,0,0,17,4,0,0,0,0,0,0,2,0,4,4,0,2,1,7,13,6,0,0,0,0,0,0,0,0,0,0,0,0,0,0,0,24143,2,0,23177,0,0,0,0,0,0,57,0,0,0,0,0,0,0,0,0,0,0,0,0,0,0,0,0,0,0,0,0,0,0,0,0,0,0,0,2,1425423979255,3145728,0,0,0,16,0,0,0,3,0,0,0,3,0,0,0,0,16,1,2048,1,0,0,0,1,123261,28,0,0,0,0,0,0,0,0,3,19,26563960,0,0,0,0,0,0,0,23,0,0,0,0,0,0,0,0,0,0,0,0,0,0,0,0,0,0,0,0,0,0,1,0,0,0,0,0,0,0,0,0,0,0,0,0,0,0,0,0,0,0
2015-03-03 23:07:19.283 UTC,125,0,0,0,0,0,3175269,1056,29192,224,0,0,0,0,0,0,2,0,0,0,0,0,0,0,0,0,4,4,0,2,1,7,2,2,0,0,0,0,0,0,0,0,0,0,0,0,0,0,0,24143,2,0,23177,0,0,0,0,0,0,57,0,0,0,0,0,0,0,0,0,0,0,0,0,0,0,0,0,0,0,0,0,0,0,0,0,0,0,0,0,1425423979255,3145728,0,0,0,2,0,0,0,0,0,0,0,3,0,0,0,0,2,1,0,0,0,0,0,0,4096,2,0,0,0,0,0,0,4,3141,25,2106,240095360,4,0,0,0,0,0,0,5,0,0,0,0,0,0,0,0,0,0,0,0,0,0,0,0,0,0,0,0,0,0,0,0,0,0,0,0,0,0,0,0,0,0,0,0,0,0,0,0,0,0
2015-03-03 23:08:19.285 UTC,125,0,0,0,0,0,3175269,1056,29192,224,0,0,0,0,0,0,0,0,0,0,0,0,0,0,0,0,4,4,0,2,1,7,0,0,0,0,0,0,0,0,0,0,0,0,0,0,0,0,0,24143,2,0,23177,0,0,0,0,0,0,57,0,0,0,0,0,0,0,0,0,0,0,0,0,0,0,0,0,0,0,0,0,0,0,0,0,0,0,0,0,1425423979255,3145728,0,0,0,0,0,0,0,0,0,0,0,3,0,0,0,0,0,1,0,0,0,0,0,0,0,0,0,0,0,0,0,0,0,0,20,3161,327698320,3,0,0,0,0,0,0,0,0,0,0,0,0,0,0,0,0,0,0,0,0,0,0,0,0,0,0,0,0,0,0,0,0,0,0,0,0,0,0,0,0,0,0,0,0,0,0,0,0,0
2015-03-03 23:10:36.339 UTC,125,0,0,0,0,0,3157981,928,12048,80,0,0,0,0,0,0,15,3,0,0,0,0,0,0,2,0,3,3,0,2,1,5,10,4,0,0,0,0,0,0,0,0,0,0,0,0,0,0,0,24143,2,0,23177,0,0,0,0,0,0,57,0,0,0,0,0,0,0,0,0,0,0,0,0,0,0,0,0,0,0,0,0,0,0,0,0,0,0,0,2,1425424236317,3145728,0,0,0,12,0,0,0,2,0,0,0,3,0,0,0,0,12,0,2048,1,0,0,0,0,100352,22,0,0,0,0,0,0,0,0,3,30,26580896,1,0,0,0,0,0,0,18,0,0,0,0,0,0,0,0,0,0,0,0,0,0,0,0,0,0,0,0,0,0,0,0,0,0,0,0,0,0,0,0,0,0,0,0,0,0,0,0,0,0
2015-03-03 23:11:36.342 UTC,125,0,0,0,0,0,3175269,1056,29192,224,0,0,0,0,0,0,4,1,0,0,0,0,0,0,0,0,4,4,0,2,1,7,5,4,0,0,0,0,0,0,0,0,0,0,0,0,0,0,0,24143,2,0,23177,0,0,0,0,0,0,57,0,0,0,0,0,0,0,0,0,0,0,0,0,0,0,0,0,0,0,0,0,0,0,0,0,0,0,0,0,1425424236317,3145728,0,0,0,6,0,0,0,1,0,0,0,3,0,0,0,0,6,1,0,0,0,0,0,1,27005,8,0,0,0,0,0,0,4,2043,27,1453,257112920,2,0,0,0,0,0,0,10,0,0,0,0,0,0,0,0,0,0,0,0,0,0,0,0,0,0,0,0,0,0,1,0,0,0,0,0,0,0,0,0,0,0,0,0,0,0,0,0,0,0
2015-03-03 23:12:33.758 UTC,125,0,0,0,0,0,3157981,928,12048,80,0,0,0,0,0,0,15,3,0,0,0,0,0,0,2,0,3,3,0,2,1,5,10,4,0,0,0,0,0,0,0,0,0,0,0,0,0,0,0,24143,2,0,23177,0,0,0,0,0,0,57,0,0,0,0,0,0,0,0,0,0,0,0,0,0,0,0,0,0,0,0,0,0,0,0,0,0,0,0,2,1425424353737,3145728,0,0,0,12,0,0,0,2,0,0,0,3,0,0,0,0,12,0,2048,1,0,0,0,0,100352,22,0,0,0,0,0,0,0,0,3,175,25523576,2,0,0,0,0,0,0,18,0,0,0,0,0,0,0,0,0,0,0,0,0,0,0,0,0,0,0,0,0,0,0,0,0,0,0,0,0,0,0,0,0,0,0,0,0,0,0,0,0,0
2015-03-03 23:13:33.761 UTC,125,0,0,0,0,0,3175269,1056,29192,224,0,0,0,0,0,0,4,1,0,0,0,0,0,0,0,0,4,4,0,2,1,7,5,4,0,0,0,0,0,0,0,0,0,0,0,0,0,0,0,24143,2,0,23177,0,0,0,0,0,0,57,0,0,0,0,0,0,0,0,0,0,0,0,0,0,0,0,0,0,0,0,0,0,0,0,0,0,0,0,0,1425424353737,3145728,0,0,0,6,0,0,0,1,0,0,0,3,0,0,0,0,6,1,0,0,0,0,0,1,27005,8,0,0,0,0,0,0,4,3654,24,1305,372407792,3,0,0,0,0,0,0,10,0,0,0,0,0,0,0,0,0,0,0,0,0,0,0,0,0,0,0,0,0,0,1,0,0,0,0,0,0,0,0,0,0,0,0,0,0,0,0,0,0,0
2015-03-03 23:14:33.766 UTC,125,0,0,0,0,0,3175269,1056,29192,224,0,0,0,0,0,0,0,0,0,0,0,0,0,0,0,0,4,4,0,2,1,7,0,0,0,0,0,0,0,0,0,0,0,0,0,0,0,0,0,24143,2,0,23177,0,0,0,0,0,0,57,0,0,0,0,0,0,0,0,0,0,0,0,0,0,0,0,0,0,0,0,0,0,0,0,0,0,0,0,0,1425424353737,3145728,0,0,0,0,0,0,0,0,0,0,0,3,0,0,0,0,0,1,0,0,0,0,0,0,0,0,0,0,0,0,0,0,0,0,19,1654,313364776,2,0,0,0,0,0,0,0,0,0,0,0,0,0,0,0,0,0,0,0,0,0,0,0,0,0,0,0,0,0,0,0,0,0,0,0,0,0,0,0,0,0,0,0,0,0,0,0,0,0
2015-03-03 23:15:33.769 UTC,125,0,0,0,0,0,3175269,1056,29192,224,0,0,0,0,0,0,0,0,0,0,0,0,0,0,0,0,4,4,0,2,1,7,0,0,0,0,0,0,0,0,0,0,0,0,0,0,0,0,0,24143,2,0,23177,0,0,0,0,0,0,57,0,0,0,0,0,0,0,0,0,0,0,0,0,0,0,0,0,0,0,0,0,0,0,0,0,0,0,0,0,1425424353737,3145728,0,0,0,0,0,0,0,0,0,0,0,3,0,0,0,0,0,1,0,0,0,0,0,0,0,0,0,0,0,0,0,0,1,2393,15,1441,287428760,2,0,0,0,0,0,0,0,0,0,0,0,0,0,0,0,0,0,0,0,0,0,0,0,0,0,0,0,0,0,0,0,0,0,0,0,0,0,0,0,0,0,0,0,0,0,0,0,0,0
2015-03-03 23:16:33.771 UTC,125,0,0,0,0,0,3175269,1056,29192,224,0,0,0,0,0,0,0,0,0,0,0,0,0,0,0,0,4,4,0,2,1,7,0,0,0,0,0,0,0,0,0,0,0,0,0,0,0,0,0,24143,2,0,23177,0,0,0,0,0,0,57,0,0,0,0,0,0,0,0,0,0,0,0,0,0,0,0,0,0,0,0,0,0,0,0,0,0,0,0,0,1425424353737,3145728,0,0,0,0,0,0,0,0,0,0,0,3,0,0,0,0,0,1,0,0,0,0,0,0,0,0,0,0,0,0,0,0,0,0,13,676,467110408,2,0,0,0,0,0,0,0,0,0,0,0,0,0,0,0,0,0,0,0,0,0,0,0,0,0,0,0,0,0,0,0,0,0,0,0,0,0,0,0,0,0,0,0,0,0,0,0,0,0
2015-03-03 23:17:33.773 UTC,125,0,0,0,0,0,3175269,1056,29192,224,0,0,0,0,0,0,0,0,0,0,0,0,0,0,0,0,4,4,0,2,1,7,0,0,0,0,0,0,0,0,0,0,0,0,0,0,0,0,0,24143,2,0,23177,0,0,0,0,0,0,57,0,0,0,0,0,0,0,0,0,0,0,0,0,0,0,0,0,0,0,0,0,0,0,0,0,0,0,0,0,1425424353737,3145728,0,0,0,0,0,0,0,0,0,0,0,3,0,0,0,0,0,1,0,0,0,0,0,0,0,0,0,0,0,0,0,0,0,0,14,641,428239416,1,0,0,0,0,0,0,0,0,0,0,0,0,0,0,0,0,0,0,0,0,0,0,0,0,0,0,0,0,0,0,0,0,0,0,0,0,0,0,0,0,0,0,0,0,0,0,0,0,0
2015-03-03 23:18:33.776 UTC,125,0,0,0,0,0,3175269,1056,29192,224,0,0,0,0,0,0,0,0,0,0,0,0,0,0,0,0,4,4,0,2,1,7,0,0,0,0,0,0,0,0,0,0,0,0,0,0,0,0,0,24143,2,0,23177,0,0,0,0,0,0,57,0,0,0,0,0,0,0,0,0,0,0,0,0,0,0,0,0,0,0,0,0,0,0,0,0,0,0,0,0,1425424353737,3145728,0,0,0,0,0,0,0,0,0,0,0,3,0,0,0,0,0,1,0,0,0,0,0,0,0,0,0,0,0,0,0,0,0,0,13,598,433033864,1,0,0,0,0,0,0,0,0,0,0,0,0,0,0,0,0,0,0,0,0,0,0,0,0,0,0,0,0,0,0,0,0,0,0,0,0,0,0,0,0,0,0,0,0,0,0,0,0,0
2015-03-03 23:19:33.778 UTC,125,0,0,0,0,0,3175269,1056,29192,224,0,0,0,0,0,0,0,0,0,0,0,0,0,0,0,0,4,4,0,2,1,7,0,0,0,0,0,0,0,0,0,0,0,0,0,0,0,0,0,24143,2,0,23177,0,0,0,0,0,0,57,0,0,0,0,0,0,0,0,0,0,0,0,0,0,0,0,0,0,0,0,0,0,0,0,0,0,0,0,0,1425424353737,3145728,0,0,0,0,0,0,0,0,0,0,0,3,0,0,0,0,0,1,0,0,0,0,0,0,0,0,0,0,0,0,0,0,0,0,8,402,483497336,1,0,0,0,0,0,0,0,0,0,0,0,0,0,0,0,0,0,0,0,0,0,0,0,0,0,0,0,0,0,0,0,0,0,0,0,0,0,0,0,0,0,0,0,0,0,0,0,0,0
2015-03-03 23:20:33.782 UTC,125,0,0,0,0,0,3175269,1056,29192,224,0,0,0,0,0,0,0,0,0,0,0,0,0,0,0,0,4,4,0,2,1,7,0,0,0,0,0,0,0,0,0,0,0,0,0,0,0,0,0,24143,2,0,23177,0,0,0,0,0,0,57,0,0,0,0,0,0,0,0,0,0,0,0,0,0,0,0,0,0,0,0,0,0,0,0,0,0,0,0,0,1425424353737,3145728,0,0,0,0,0,0,0,0,0,0,0,3,0,0,0,0,0,1,0,0,0,0,0,0,0,0,0,0,0,0,0,0,0,0,9,389,311319808,1,0,0,0,0,0,0,0,0,0,0,0,0,0,0,0,0,0,0,0,0,0,0,0,0,0,0,0,0,0,0,0,0,0,0,0,0,0,0,0,0,0,0,0,0,0,0,0,0,0
2015-03-03 23:21:33.783 UTC,125,0,0,0,0,0,3175269,1056,29192,224,0,0,0,0,0,0,0,0,0,0,0,0,0,0,0,0,4,4,0,2,1,7,0,0,0,0,0,0,0,0,0,0,0,0,0,0,0,0,0,24143,2,0,23177,0,0,0,0,0,0,57,0,0,0,0,0,0,0,0,0,0,0,0,0,0,0,0,0,0,0,0,0,0,0,0,0,0,0,0,0,1425424353737,3145728,0,0,0,0,0,0,0,0,0,0,0,3,0,0,0,0,0,1,0,0,0,0,0,0,0,0,0,0,0,0,0,0,0,0,9,311,373342976,1,0,0,0,0,0,0,0,0,0,0,0,0,0,0,0,0,0,0,0,0,0,0,0,0,0,0,0,0,0,0,0,0,0,0,0,0,0,0,0,0,0,0,0,0,0,0,0,0,0
2015-03-03 23:22:33.785 UTC,125,0,0,0,0,0,3175269,1056,29192,224,0,0,0,0,0,0,0,0,0,0,0,0,0,0,0,0,4,4,0,2,1,7,0,0,0,0,0,0,0,0,0,0,0,0,0,0,0,0,0,24143,2,0,23177,0,0,0,0,0,0,57,0,0,0,0,0,0,0,0,0,0,0,0,0,0,0,0,0,0,0,0,0,0,0,0,0,0,0,0,0,1425424353737,3145728,0,0,0,0,0,0,0,0,0,0,0,3,0,0,0,0,0,1,0,0,0,0,0,0,0,0,0,0,0,0,0,0,0,0,12,564,304948360,1,0,0,0,0,0,0,0,0,0,0,0,0,0,0,0,0,0,0,0,0,0,0,0,0,0,0,0,0,0,0,0,0,0,0,0,0,0,0,0,0,0,0,0,0,0,0,0,0,0
2015-03-03 23:23:33.787 UTC,125,0,0,0,0,0,3175269,1056,29192,224,0,0,0,0,0,0,0,0,0,0,0,0,0,0,0,0,4,4,0,2,1,7,0,0,0,0,0,0,0,0,0,0,0,0,0,0,0,0,0,24143,2,0,23177,0,0,0,0,0,0,57,0,0,0,0,0,0,0,0,0,0,0,0,0,0,0,0,0,0,0,0,0,0,0,0,0,0,0,0,0,1425424353737,3145728,0,0,0,0,0,0,0,0,0,0,0,3,0,0,0,0,0,1,0,0,0,0,0,0,0,0,0,0,0,0,0,0,0,0,11,505,531895448,1,0,0,0,0,0,0,0,0,0,0,0,0,0,0,0,0,0,0,0,0,0,0,0,0,0,0,0,0,0,0,0,0,0,0,0,0,0,0,0,0,0,0,0,0,0,0,0,0,0
2015-03-03 23:24:15.860 UTC,125,0,0,0,0,0,3175045,1056,29192,0,0,0,0,0,0,0,0,0,0,0,0,0,0,0,0,0,4,4,0,2,1,7,0,0,0,0,0,0,0,0,0,0,0,0,0,0,0,0,0,24143,2,0,23177,0,0,0,0,0,0,57,0,0,0,0,0,0,0,0,0,0,0,0,0,0,0,0,0,0,0,0,0,0,0,0,0,0,0,0,0,1425424353737,3145728,0,0,0,0,0,0,0,0,0,0,0,3,0,0,0,0,0,1,0,0,0,0,0,0,0,0,0,0,0,0,0,0,0,0,9,446,302285024,1,0,0,0,0,0,0,0,0,0,0,0,0,0,0,0,0,0,0,0,0,0,0,0,0,0,0,0,0,0,0,0,0,0,0,0,0,0,0,0,0,0,0,0,0,0,0,0,0,0
